Year,Month,Highest Temp
2013,July,27.271639784946238
2014,July,28.358736559139782
2015,July,26.248387096774195
2016,August,27.188440860215056
2017,February,2.3755233134920637
