Year,Month,Lowest Temp
2013,December,0.8397849462365591
2014,December,-0.5705645161290323
2015,January,-0.6255376344086021
2016,January,-4.150268817204301
2017,January,-1.3927369751664105
